species_name_,FAO group code,id,common_name_crop,species_name,species_name_taxonstand_,genus,sps,family,order,gf,wild_progenitor,sources_wild_progenitor,minimum_time_cultivation,minimum_time_domestication,sources_minimum_time_cultivation_domestication,filter_data_antiquity,use_food,use_animal_feed,use,use_primary,sources_use,number_gbif_records,filter_ocurr_gbif,sd_longitude,sd_latitude,mode_ecoreg_code,biogeografic_realm,mode_ecoreg_name,mode_ecoreg_centroid_lon,mode_ecoreg_centroid_lat,median_BIO1,median_BIO2,median_BIO3,median_BIO4,median_BIO5,median_BIO6,median_BIO7,median_BIO8,median_BIO9,median_BIO10,median_BIO11,median_BIO12,median_BIO13,median_BIO14,median_BIO15,median_BIO16,median_BIO17,median_BIO18,median_BIO19,cv_BIO1,cv_BIO2,cv_BIO3,cv_BIO4,cv_BIO5,cv_BIO6,cv_BIO7,cv_BIO8,cv_BIO9,cv_BIO10,cv_BIO11,cv_BIO12,cv_BIO13,cv_BIO14,cv_BIO15,cv_BIO16,cv_BIO17,cv_BIO18,cv_BIO19,FAO commodity group,Family,Authority,Notes
Aframomum_melegueta,702,14,Melegueta_pepper,Aframomum melegueta,Aframomum_melegueta_K.Schum.,Aframomum,melegueta,Zingiberaceae,Zingiberales,herb,Aframomum_melegueta_K.Schum.,112,750,NA,90,1,1,0,seed,seed,90,75,1,7.762233337,4.063405097,AT0707,Afrotropic,Guinean Forest-Savanna Mosaic,-1.44104815,8.87510659,248,93,73,912,315,190,120,246,245,257,235,1668,314,16,62,679,85,357,351,8.375568737,19.01317407,6.030235155,25.9864866,8.036039157,14.71452836,21.39072783,9.801909863,9.71185772,8.967270578,7.867731365,32.86685744,30.74346067,88.54240162,16.79776249,33.64555777,66.2836898,45.08501081,78.00259883,"Nutmeg, mace and cardamoms",Zingiberaceae,Schum.,"FAO also lists in this group Aframomum hambury, but information on this species cannot be found"
Annona_reticulata,603,60,Custard_apple,Annona reticulata,Annona_reticulata_L.,Annona,reticulata,Annonaceae,Magnoliales,woody,Annona_reticulata_L.,128,NA,NA,NA,0,1,0,fruit_flower,fruit_flower,128,371,1,7.549081021,3.670038295,NT0209,Neotropic,Central American Dry Forests,-87.48903857,13.27433402,248,112,69,1491,329,165,159,254,243,265,227,1492,292,4,89,766,21,334,155,7.828029235,16.12600099,9.253978709,46.59387057,5.751875566,18.85084048,17.62636815,7.477509665,10.58892308,7.16316989,10.68064529,33.39895536,32.4441451,134.1919607,26.01238383,32.58541734,121.6357277,48.5799037,88.249802,"Fruit, tropical fresh nes",Annonaceae,L.,"FAO lists this species under ""Annona spp."", but then lists ""custard apple"" as the corresponding product (which corresponds to this species as per USDA)"
Areca_catechu,226,78,Betel_nut,Areca catechu,Areca_catechu_L.,Areca,catechu,Arecaceae,Arecales,woody,Areca_catechu_L.,90,8776,2000,4,1,1,0,multifood_rep&veg,fruit_flower,128,84,1,15.64042428,11.56083928,IM0149,Indo_malay,South China-Vietnam Subtropical Evergreen Forests,109.6319,22.22267,248,76,50.5,2653,317.5,174,144,268,227,273,218,2038,297,34,64.5,794,126,561,170,8.285386055,19.17151002,30.88869827,71.05952148,5.932361252,25.01368177,31.37849926,5.861870481,16.33611021,6.628619487,17.04944495,36.89587395,37.94805123,109.9034363,41.94798353,36.26194403,104.4078552,59.11666764,104.2109459,Areca nuts,Arecaceae,L.,NA
Bambusa_odashimae,463,106,Odashimae_bamboo,Bambusa odashimae,Bambusa_odashimae_Hatus._ex_D.Z.Li_&_Stapleton,Bambusa,odashimae,Poaceae,Poales,graminoid,Bambusa_odashimae_Hatus._ex_D.Z.Li_&_Stapleton,90,NA,NA,NA,0,1,0,shoot,shoot,90,9,1,0.351671618,0.652384574,IM0172,Indo_malay,Taiwan Subtropical Evergreen Forests,120.9828881,23.85359265,207,71,36,4564,302,113,192,262,164,263,152,2383,303,23,74,839,83,839,139,8.023324755,9.422005443,18.08555895,19.18568264,9.134505653,9.644641671,9.248686116,10.32572392,14.68769018,10.34067312,5.9535237,29.7964048,36.4774957,124.2991865,34.55273833,35.36633639,108.9828912,36.39290861,72.56237683,"Vegetables, fresh nes",Poaceae,Hatus. ex D.Z.Li & Stapleton,FAO only lists this as Bambusa spp.; but these are the most common harvested species
Canarium_album,234,149,nam_liap,Canarium album,Canarium_album_(Lour.)_DC.,Canarium,album,Burseraceae,Sapindales,woody,Canarium_album_(Lour.)_DC.,90,NA,NA,NA,0,1,0,fruit_flower,fruit_flower,90,127,1,5.140341905,3.966815797,IM0149,Indo_malay,South China-Vietnam Subtropical Evergreen Forests,109.6318815,22.22267464,228,78,45,3525,319,103,214,271,182,282,178,1368,266,15,77,726,56,598,59,14.4722243,19.93042734,19.26344057,35.20249902,6.621748357,44.66290555,21.83951773,8.92146764,26.04138706,8.057376705,29.53172902,22.02987288,34.37772067,58.05091158,16.08397621,30.96891053,53.42366831,39.74999755,66.84185383,"Nuts, nes",Burseraceae,(Lour.) Rausch.Â ,FAO lists this (and other Canarium species) as Canarium spp. But this species corresponds to the FAO commodity (Chinese olives)
Canarium_indicum,234,150,Canarium_nut,Canarium indicum,Canarium_indicum_L.,Canarium,indicum,Burseraceae,Sapindales,woody,Canarium_indicum_L.,90,NA,NA,NA,0,1,0,multifood_rep&veg,seed,131,191,1,10.46417982,5.3327441,AA0126,Australasia,Vanuatu Rain Forests,167.614252,-15.90075944,246,65,72,777.5,293,203,91,252,236,255,236,2686,332,124.5,29.5,911,426,867,430,5.874272683,17.34222693,12.95661048,47.98180194,4.298489857,8.789343228,12.32018387,4.637018175,8.088365566,4.782551331,7.484230059,25.08718744,21.98777657,41.15573506,35.91254823,23.34417221,39.276574,27.321496109999998,51.20063404,"Nuts, nes",Burseraceae,L.,FAO lists this (and other Canarium species) as simply Canarium spp. But this species corresponds to the FAO commodity Java almond)
Canarium_ovatum,234,151,Pili_nut,Canarium ovatum,Canarium_ovatum_Engl.,Canarium,ovatum,Burseraceae,Sapindales,woody,Canarium_ovatum_Engl.,4,14000,6000,4,1,1,0,multifood_rep&veg,fruit_flower,128,5,1,1.681515859,3.100699677,IM0128,Indo_malay,Mindanao Montane Rain Forests,125.0959493,7.5642717,232,86.5,78.5,585.5,289,179,109.5,230,228.5,239.5,223.5,2815.5,363.5,99,37.5,1038,324,637,681,23.15753762,16.77588207,7.834536382,40.65198617,17.09314458,32.76106703,9.255697089,23.50269782,21.23807135,23.71827695,23.07583864,9.55756729,32.78862412,67.19869966,54.837298,25.38803102,58.70901665,9.074197535,45.31202121,"Nuts, nes",Burseraceae,Engl.,FAO lists this (and other Canarium species) as simply Canarium spp. But this species corresponds to the FAO commodity (pili nut)
Canavalia_gladiata,211,154,Sword_bean,Canavalia gladiata,Canavalia_gladiata_(Jacq.)_DC.,Canavalia,gladiata,Fabaceae,Fabales,herb,"Canavalia_africana_Dunn,Canavalia_gladiata_(Jacq.)_DC.",90114,NA,NA,NA,0,1,0,fruit_flower,fruit_flower,128,65,1,15.40059049,6.79443702,AT0722,Afrotropic,West Sudanian Savanna,-0.93016892,11.85690563,265,108,70,1352,350,181,149,250,264,284,247,1112,196,5,71,513,25,220,384,9.657978777,14.88023481,9.413383636,31.65546231,8.948973139,17.24286615,14.83428421,8.594918087,11.43251625,10.56083517,9.117656379,16.31869646,24.5759491,164.6380866,24.70957984,23.08153661,130.5278525,43.6521878,65.41364989,"Pulses, nes",Fabaceae,(Jacq.) DC.Â ,"FAO lists this as Canavalia spp. with the common names ""jack or sword bean""; this species refers to ""sword bean"" as per USDA"
Carthamus_tinctorius,280,167,Safflower_seed,Carthamus tinctorius,Carthamus_tinctorius_L.,Carthamus,tinctorius,Asteraceae,Asterales,herb,"Carthamus_oxyacantha_M.Bieb.,Carthamus_persicus_Desf._ex_Willd.",13452,4500,3960,4,1,1,1,food&forage,seed,128,34,1,2.485141962,6.793808692,PA1303,Palearctic,Arabian Desert And East Sahero-Arabian Xeric Shrublands,46.03078771,24.88530017,194,123.5,44,5438.5,334,65,270.5,123,259,259,122.5,172,38,0,89.5,106.5,0,0,90,14.13306942,8.063749295,23.40532059,32.99827724,12.11159531,57.73784417,19.36785968,31.49961505,15.178901,13.46384504,30.63363477,89.62294507,87.20792808,326.2892068,13.28059409,76.8024723,301.6844481,318.6816178,67.64630041,Safflower seed,Asteraceae,L.,NA
Castanea_sativa,220,179,Chestnut,Castanea sativa,Castanea_sativa_Mill.,Castanea,sativa,Fagaceae,Fagales,woody,Castanea_sativa_Mill.,43940,5200,2600,4,1,1,0,seed,seed,4,1,1,0,0,PA0408,Palearctic,Caucasus Mixed Forests,44.25392612,41.93486248,109,85,32,6324,248,-13,261,47,56,190,30,1252,137,88,15,387,272,296,349,NA,NA,NA,NA,NA,NA,NA,NA,NA,NA,NA,NA,NA,NA,NA,NA,NA,NA,NA,Chestnut,Fagaceae,Mill.Â ,"FAO also lists Castanea vesca Gaertn. and C. vulgaris as species, but these are synonym for C. sativa so are not included here"
Chrysophyllum_cainito,603,200,Cainito_star_apple,Chrysophyllum cainito,Chrysophyllum_cainito_L.,Chrysophyllum,cainito,Sapotaceae,Ericales,woody,Chrysophyllum_cainito_L.,4,5400,1000,4,1,1,0,fruit_flower,fruit_flower,4,297,1,8.737474707,6.024664001,NT0127,Neotropic,Hispaniolan Moist Forests,-71.08481803,18.9437111,254,102,75,803,322,185,136,254,247,267,237,1921,296,56,49,758,205,432,299,7.198972064,16.98046529,9.350393168,53.79317454,7.562820211,12.25154565,20.5853575,7.88771784,8.288445365,7.767093612,7.558412735,41.96627861,43.98377465,68.22430285,37.51208282,43.80031562,68.82358124,38.43590695,84.65890736,"Fruit, tropical fresh nes",Sapotaceae,L.,"FAO lists this simply as ""Chrusophyllum spp"", but this secies corresponds to the ""star apple"" and ""cainito"" commonodies that are listed"
Cichorium_endivia,372,202,Endive,Cichorium endivia,Cichorium_endivia_L.,Cichorium,endivia,Asteraceae,Asterales,herb,"Cichorium_pumilum_Jacq.,Cichorium_pumilum_Jacq.,Cichorium_calvum_Sch.Bip._ex_Asch.",48,2000,1000,4,1,1,0,multifood_rep&veg,shoot,4,510,1,15.41006388,2.335870838,PA1207,Palearctic,Eastern Mediterranean Conifer-Sclerophyllous-Broadleaf Forests,37.42596125,35.80179351,194,114,42,5798.5,333,66,267,117,261,262,117,481,120,0,106,308,0,1,308,8.953416101,10.85330221,6.938288675,7.271215764,6.013578204,23.24245252,7.97648204,13.7994355,6.246145082,6.085979696,14.0172627,23.96311601,27.38601303,269.204453,21.9590023,25.95558701,229.9919192,222.4458123,28.66612853,Lettuce and chicory,Asteraceae,L.,FAO lists Cichorium endivia var. crispa and Cichorium endivia var. latifolia
Cinnamomum_cassia,693,205,Chinese_cinnamon,Cinnamomum cassia,Cinnamomum_cassia_(L.)_J.Presl,Cinnamomum,cassia,Lauraceae,Laurales,woody,Cinnamomum_cassia_(L.)_J.Presl,90,NA,NA,NA,0,1,0,fruit_flower,fruit_flower,90,187,1,3.717755712,3.377148048,IM0149,Indo_malay,South China-Vietnam Subtropical Evergreen Forests,109.6318815,22.22267464,221,83,35,5218,322,100,227,276,164,280,150,1602,271,28,72,753,105,716,124,9.728593741,13.60447992,24.30925345,30.39901778,6.540594061,33.46056129,16.42867734,8.221204577,19.14004361,7.496659377,22.35486435,20.96804553,29.24670872,48.49104613,15.14190459,27.98931096,39.93368066,36.36314163,44.61855414,Cinnamon (canella),Lauraceae,Nees ex Blume,Common synonym is C. aromaticum Nees
Citrus_medica,512,217,Citron,Citrus medica,Citrus_medica_L.,Citrus,medica,Rutaceae,Sapindales,woody,Citrus_medica_L.,14,6000,4000,4,1,1,0,fruit_flower,fruit_flower,4,118,1,6.329406212,8.220136634,IM0137,Indo_malay,Northern Indochina Subtropical Forests,100.7282662,22.18500201,204,88,45,4258,304,92,217,251,163,257,148,1518,297,15,78,821,62,683,69,21.81389733,20.90100063,29.90082465,43.57906286,12.49259188,76.01812696,23.19888283,13.49107134,39.73034399,14.43958529,41.15100318,31.81542635,27.45071746,118.5652961,21.49941498,27.6692736,108.8301823,29.42955723,155.3916802,"Fruit, citrus nes",Rutaceae,L.,FAO lists this is Citrus medica var. cedrata
Cola_nitida,224,232,Cola,Cola nitida,Cola_nitida_(Vent.)_Schott_&_Endl.,Cola,nitida,Malvaceae,Malvales,woody,Cola_nitida_(Vent.)_Schott_&_Endl.,90,5500,850,4,1,1,0,seed,seed,4,278,1,6.615398954,1.95427373,AT0707,Afrotropic,Guinean Forest-Savanna Mosaic,-1.44104815,8.87510659,263,88,72,1083,327,211,117,262,267,277,248,1610,288,18,63,659.5,98,299,338,6.625384632,21.53803782,6.454882207,27.45624004,6.774709379,12.53531899,25.21423632,7.659945663,7.143064408,7.220172238,6.306091587,40.28480087,49.51348177,67.74803637,26.05067552,51.68199815,53.51992499,40.31813905,94.50795091,Kola nuts,Malvaceae,(Vent.) A. Chev.Â ,FAO also lists the synonym Cola vera K.Schum
Cydonia_oblonga,523,270,Quince,Cydonia oblonga,Cydonia_oblonga_Mill.,Cydonia,oblonga,Rosaceae,Rosales,woody,Cydonia_oblonga_Mill.,4,3000,2500,4,1,1,0,fruit_flower,fruit_flower,4,12,1,6.390917131,3.873893784,PA1207,Palearctic,Eastern Mediterranean Conifer-Sclerophyllous-Broadleaf Forests,37.42596125,35.80179351,164,98.5,36.5,6196.5,311.5,41,267.5,103,248,252,85,722.5,149,2,90,403.5,15.5,16,384.5,20.15233691,13.23812515,13.98805878,13.53913402,9.470290346,113.8629386,9.731965382,30.13671076,31.29261613,11.18923103,51.25131225,38.65759231,45.21005327,181.4955393,51.25364235,45.68141164,161.8454788,156.5397503,49.28044454,Quinces,Rosaceae,Mill.,FAO also lists synonym Cydonia vulgaris Pers.
Digitaria_iburua,94,285,Black fonio,Digitaria iburua,Digitaria_iburua_Stapf,Digitaria,iburua,Poaceae,Poales,graminoid,Digitaria_ternata_(A.Rich.)_Stapf,90,NA,NA,NA,0,1,0,seed,seed,90,12,1,4.921682294,2.545511379,AT0713,Afrotropic,Sahelian Acacia Savanna,14.84274128,14.77331045,269.5,132,63,1841.5,360.5,177.5,208.5,260.5,256.5,295,242.5,885,246,0,103,582.5,1,170,94,11.99327195,16.45959826,10.00200984,39.81077978,12.3928035,24.63280576,22.60818993,11.48273759,11.8858937,13.40054801,11.09877336,35.80672119,15.90255434,244.7216434,24.30035283,23.18976226,217.0534595,61.27248577,111.3216001,Fonio,Poaceae,Stapf,NA
Dioscorea_bulbifera,137,289,Air_potato,Dioscorea bulbifera,Dioscorea_bulbifera_L.,Dioscorea,bulbifera,Dioscoreaceae,Dioscoreales,herb,Dioscorea_bulbifera_L.,90,NA,NA,NA,0,1,0,shoot,shoot,90,237,1,26.19067341,6.413852583,AT0114,Afrotropic,Guinean Montane Forests,-10.8920904,10.09738065,238,130,69,1100,338,139,197,244,228,258,225,2043,420,17,64,964,120,511,209,9.046712808,24.23748544,8.219121095,52.526653,5.114649018,29.54510131,25.3903859,9.423577176,12.38736838,9.24792701,9.681447634,36.31927831,37.82604784,119.2781821,18.59173269,38.78201513,68.97465631,50.82783226,50.15789924,Yams,Dioscoreaceae,L.,NA
Dioscorea_dumetorum,137,291,African_bitter_yam,Dioscorea dumetorum,Dioscorea_dumetorum_(Kunth)_Pax,Dioscorea,dumetorum,Dioscoreaceae,Dioscoreales,herb,Dioscorea_dumetorum_(Kunth)_Pax,90,NA,NA,NA,0,1,0,root,root,90,397,1,13.12600378,8.525164274,AT0722,Afrotropic,West Sudanian Savanna,-0.93016892,11.85690563,267,116,67,1463,358,182,176,253,265,286,247,1126,243,2,85,638,15,178,410,9.995820874,17.81668343,8.798183081,32.71441582,10.07570061,20.33837627,22.87991827,7.787120108,13.37173384,10.19889919,12.07125076,26.92005508,21.3006893,149.0642423,24.27483591,20.44882373,125.340734,66.41399549,76.83309252,Yams,Dioscoreaceae,(Kunth) PaxÂ ,NA
Dioscorea_esculenta,137,292,Lesser_yam,Dioscorea esculenta,Dioscorea_esculenta_(Lour.)_Burkill,Dioscorea,esculenta,Dioscoreaceae,Dioscoreales,herb,Dioscorea_esculenta_(Lour.)_Burkill,90,NA,NA,NA,0,1,0,root,root,90,27,1,11.49734032,5.523537261,IM0202,Indo_malay,Central Indochina Dry Forests,103.3078378,15.47459579,266,108,56,2047,352,157,187,272,244,287,234,1181,266,5.5,76,658.5,33,342,42,7.152945978,20.55619905,23.74159595,59.25769386,8.503715792,21.64126772,27.7367115,3.70192181,14.01217303,5.027470067,15.59820458,47.29140852,40.45546147,159.895254,33.6511862,45.53974603,146.0201354,84.65920984,151.065168,Yams,Dioscoreaceae,(Lour.) BurkillÂ ,NA
Diospyros_kaki,587,303,Persimmon,Diospyros kaki,Diospyros_kaki_L.f.,Diospyros,kaki,Ebenaceae,Ericales,woody,"Diospyros_kaki_L.f.,Diospyros_glandulosa_Lace,Diospyros_oleifera_W.C.Cheng",439,5300,2000,4,1,1,0,multifood_rep&veg,fruit_flower,4,72,1,11.63064473,6.508539681,IM0118,Indo_malay,Jian Nan Subtropical Evergreen Forests,114.0761892,26.02030872,198,87.5,32,6374.5,319.5,60,266,231,128,260.5,112.5,1555.5,283.5,34,65,746,129.5,573,175,16.62504246,17.77814665,34.49182131,50.36824967,9.231602785,73.56884172,20.2281392,8.99538541,41.06363268,9.289165988,46.963477,32.79093959,47.92328444,70.98893464,22.82918791,43.13373745,62.5347947,34.39941721,56.23666817,Persimmons,Ebenaceae,L. f.Â ,NA
Diospyros_virginiana,587,307,American_persimmon,Diospyros virginiana,Diospyros_virginiana_L.,Diospyros,virginiana,Ebenaceae,Ericales,woody,Diospyros_virginiana_L.,90,NA,NA,NA,0,1,0,fruit_flower,fruit_flower,90,488,1,7.610414437,3.50423059,"NA0414",Nearctic,Piedmont,-81.23455988,35.33075627,152,124,37,7730,318,-20,340,223,109,248,51,1149,126,72,17,335,241,311,259,19.91857548,8.608667138,11.64497129,14.10538718,5.551231653,315.8312136,10.45396858,28.8267226,74.75512991,7.795522858,80.47971512,14.81364642,20.46810485,19.87845136,49.91273027,20.23002143,18.64104105,25.26640714,28.20352954,Persimmons,Ebenaceae,L.,NA
Garcinia_mangostana,603,362,Mangosteen,Garcinia mangostana,Garcinia_mangostana_L.,Garcinia,mangostana,Clusiaceae,Malpighiales,woody,"Garcinia_celebica_L.,Garcinia_malaccensis_Hook.f._ex_T.Anderson",90,NA,NA,NA,0,1,0,fruit_flower,fruit_flower,128,10,1,7.840149485,2.603579169,IM0146,Indo_malay,Peninsular Malaysian Rain Forests,102.308,3.936999,271,92,85,415,327,213,108,267,269,277,267,2120,280,100,29,746,342,519,601,11.92121211,10.80460265,5.421597221,18.49703599,11.24338491,13.98816031,13.76802498,11.95730587,11.99523229,11.75285341,12.32929121,14.75254276,24.85375298,33.57012922,39.74887829,23.86074127,29.50673819,14.20638562,34.70938167,"Fruit, tropical fresh nes",Clusiaceae,L.,NA
Gossypium_hirsutum,328,377,Seed_cotton,Gossypium hirsutum,Gossypium_hirsutum_L.,Gossypium,hirsutum,Malvaceae,Malvales,woody,"Gossypium_hirsutum_L.,Gossypium_barbadense_L.,Gossypium_darwinii_G.Watt,Gossypium_ekmanianum_Wittm.,Gossypium_mustelinum_Miers_ex_G.Watt",134,5500,5500,451,1,1,0,seed,seed,4,64,1,6.769802897,3.247079892,NT0235,Neotropic,Yucata¡n Dry Forests,-89.21653,20.45296,256,105,65,1828,327,175,152,268,248,274,229,778,144,8,74,415,35,250,75,9.71642683,25.65683307,8.644125882,42.41246945,6.265685939,24.27330376,23.9698635,9.710672881,11.77437067,8.820267756,12.7231907,58.60388196,56.48190962,110.8234443,24.78362291,59.10142055,90.27703468,49.09174575,88.75869275,Seed cotton,Malvaceae,L.,"FAO lists only Gossypium spp.; note, G. herbaceum is cited as a cultivated cotton species, but USDA recognizes this as a synonym for a variety of G. hirsutum"
Litchi_chinensis,619,439,Litchi,Litchi chinensis,Litchi_chinensis_Sonn.,Litchi,chinensis,Sapindaceae,Sapindales,woody,Litchi_chinensis_Sonn.,4,4000,3800,4,1,1,0,fruit_flower,fruit_flower,4,84,1,3.779819962,1.548445188,IM0149,Indo_malay,South China-Vietnam Subtropical Evergreen Forests,109.6318815,22.22267464,222,87,35,5458,328,89,235,274.5,161,284.5,143,1405,259,28,70.5,695,100.5,686,114,10.96704646,13.64971137,15.88546357,18.27399218,8.414286983,30.34781988,11.61348817,8.269844295,20.46811559,9.303082617,19.57316475,15.12845535,18.85907153,43.03721624,13.36250804,18.74635639,36.30145043,22.2702394,42.50038749,"Fruit, fresh nes",Sapindaceae,Sonn.,FAO lists Nephelium litchi Cambess. which is a synonym for L. chihensis
Mammea_americana,603,466,Mamey,Mammea americana,Mammea_americana_L.,Mammea,americana,Calophyllaceae,Malpighiales,woody,Mammea_americana_L.,90,NA,NA,NA,0,1,0,fruit_flower,fruit_flower,90,165,1,11.72995811,6.560967693,NT0235,Neotropic,Yucatan Dry Forests,-89.216534,20.45296084,252,97,70,1137,317,177,143,261,240,269,229,1573,251,30,61,650,115,397,168,9.612298916,20.68791954,13.31583134,54.20618809,8.34141994,17.46049065,23.46919931,9.907667202,11.40065867,9.640348426,10.875521730000001,41.63267526,40.52212262,85.51109068,37.77355322,40.7538015,83.03506622,46.59151995,101.3371851,"Fruit, tropical fresh nes",Clusiaceae,L.,NA
Manilkara_zapota,603,472,Sapodilla,Manilkara zapota,Manilkara_zapota_(L.)_P.Royen,Manilkara,zapota,Sapotaceae,Ericales,woody,Manilkara_zapota_(L.)_P.Royen,NA,2500,NA,72,1,1,0,fruit_flower,fruit_flower,90,455,1,2.91422976,1.44295396,NT0181,Neotropic,Yucatan Moist Forests,-89.02181106,19.18381996,260,129,63,2250,358,157,201,274,260,284,228,1118,207,24,66,520,78,283,118,3.151169836,8.59173408,4.291529693,15.04569946,3.700084155,6.17607246,8.602265189,3.922658032,4.219463971,3.552815227,3.253491709,24.66025572,21.84693419,24.54698769,10.91799322,24.86086626,25.78513737,16.85135028,46.83940306,"Fruit, tropical fresh nes",Sapotaceae,(L.) P. RoyenÂ ,FAO lists the synonym Achras zapota L.
Metroxylon_sagu,149,483,Sago_palm,Metroxylon sagu,Metroxylon_sagu_Rottb.,Metroxylon,sagu,Arecaceae,Arecales,woody,Metroxylon_sagu_Rottb.,90,10000,10000,4,1,1,0,shoot,shoot,4,84,1,11.99501694,4.003227474,AA0115,Australasia,Northern New Guinea Lowland Rain And Freshwater Swamp Forests,141.338099,-3.63549451,269,102,89,244,326,212,114,271,268,272,266,2182,274,83,40,759,265,669,267,4.001317727,12.41826556,6.436896528,65.44716572,3.879821958,4.543732334,9.424748341,4.633887401,4.127794876,3.793923347,4.758822532,25.48786659,23.71743097,51.87092545,25.36120028,23.10993703,50.53654842,22.68605522,68.71869355,"Roots and tubers, nes",Arecaceae,Rottb.,"FAO only lists Metroxylon spp. but the corresponding commodity is sago palm, which corresponds with this species (as per USDA)"
Nasturtium_officinale,463,499,Watercress,Nasturtium officinale,Nasturtium_officinale_R.Br.,Nasturtium,officinale,Brassicaceae,Brassicales,herb,"NAsturtium_officinale_R.Br.",35,1000,216,35,1,1,0,shoot,shoot,90,441,1,4.600183292,3.649503608,PA0402,Palearctic,Atlantic Mixed Forests,3.29397908,49.58905893,101,76,33,5516,220,-2,224,81,61,167,30,782,77,48,12,220,160,202,190,16.18995702,15.62732642,7.050346319,8.085502911,11.55614734,1288.92762,10.97968649,44.18613184,70.77862362,10.92718353,55.06729333,12.65070345,23.61093239,25.91251003,68.6161134,21.80890244,22.47943733,23.55837902,26.55330972,"Vegetables, fresh nes",Brassicaceae,W.T. Aiton,NA
Nephelium_lappaceum,603,501,Rambutan,Nephelium lappaceum,Nephelium_lappaceum_L.,Nephelium,lappaceum,Sapindaceae,Sapindales,woody,Nephelium_lappaceum_L.,90,NA,NA,NA,0,1,0,multifood_rep,fruit_flower,90,10,1,1.673236496,0.824974747,IM0102,Indo_malay,Borneo Lowland Rain Forests,114.1196173,0.99922807,263,81,87,309,309,219,93,264,264,266,257,2536,324,135,23,920,423,515,473,1.49316919,10.24852758,3.992302278,13.05711735,0.706331194,3.990572736,11.43970395,2.177336462,2.000852853,1.488200276,1.624651409,12.40935358,11.16701092,18.90172581,27.0144968,11.98381435,17.67108523,12.58561501,36.2475649,"Fruit, tropical fresh nes",Sapindaceae,L.,NA
Oryza_glaberrima,27,523,Rice_african,Oryza glaberrima,Oryza_glaberrima_Steud.,Oryza,glaberrima,Poaceae,Poales,graminoid,Oryza_barthii_A.Chev.,134,3500,2600,152,1,1,1,food&forage,seed,4,480,1,1.656477321,1.529200597,AT0707,Afrotropic,Guinean Forest-Savanna Mosaic,-1.44104815,8.87510659,275,74,70,1190,332,226,106,268,282,290,259,1161,271,11,75,569,57,222,285,1.076682655,22.11387116,3.705296022,22.38896259,5.139972047,6.712220608,26.91709276,2.596448546,1.811180501,2.222335247,0.980303232,10.96399387,16.89090557,38.55889842,15.7727292,11.00282256,28.99236684,20.61949184,32.48425953,"Rice, paddy",Poaceae,Steud.Â ,"FAO lists this simply as Oryza spp., however, this is the only other cultivated rice species"
Pennisetum_glaucum,79,560,Millet_pearl,Pennisetum glaucum,Pennisetum_glaucum_(L.)_R.Br.,Pennisetum,glaucum,Poaceae,Poales,graminoid,Pennisetum_violaceum_(Lam.)_Rich.,1449,4900,4000,451161,1,1,1,food&forage,seed,128,323,1,11.26889348,2.267656446,AT0713,Afrotropic,Sahelian Acacia Savanna,14.84274128,14.77331045,282,148,56,3195,410,141,269,294,251,329,236,318,119,0,145,264,0,57,0,5.990986648,10.44245957,9.705518831,30.63780711,6.379918539,16.1753825,12.6317955,8.716096426,7.059671669,7.220805614,7.571630066,67.57885313,51.91607003,1349.508615,8.331792631,56.81015532,1139.492442,97.44123933,809.0579986,Millet,Poaceae,(L.) R. Br.Â ,NA
Prunus_cerasus,530,628,Sour_cherry,Prunus cerasus,Prunus_cerasus_L.,Prunus,cerasus,Rosaceae,Rosales,woody,Prunus_cerasus_L.,128,2300,NA,128,1,1,0,fruit_flower,fruit_flower,90,2,1,0,0,PA1201,Palearctic,Aegean And Western Turkey Sclerophyllous And Mixed Forests,24.78298151,38.757036,154,98,32,7298,317,12,305,78,243,248,61,459,57,20,28,157,72,79,138,0,0,0,0,0,0,0,0,0,0,0,0,0,0,0,0,0,0,0,"Cherries, sour",Rosaceae,L.,"FAO lists Cerasus acida, but C. acida is commonly listed as a synonym for P. avium (e.g. in FAO group number 531). Removed from this FAO group"
Rheum_rhabarbarum,463,659,Rhubarb,Rheum rhabarbarum,Rheum_rhabarbarum_L.,Rheum,rhabarbarum,Polygonaceae,Caryophyllales,herb,Rheum_rhabarbarum_L.,106,2700,NA,106,1,1,0,shoot,shoot,128,428,1,18.10186997,3.724470755,PA0436,Palearctic,Sarmatic Mixed Forests,31.84112072,56.67710812,64,72,26,6958,212,-58,271,143,6,156,-21,603,71,31,26,203,103,191.5,127,31.2743141,18.64192414,10.36587706,13.64394677,10.51263543,56.13936548,14.83878314,31.65040566,297.5556851,11.68624819,121.6407402,32.17823159,31.07161397,36.045417809999996,24.21535662,32.22116411,35.30986949,20.00785852,40.62573748,"Vegetables, fresh nes",Polygonaceae,L.,"FAO lists only Rheum spp., and notes it represents rhubarb"
Ribes_nigrum,550,664,Black_currant,Ribes nigrum,Ribes_nigrum_L.,Ribes,nigrum,Grossulariaceae,Saxifragales,woody,Ribes_nigrum_L.,34,800,400,4,1,1,0,multifood_rep,fruit_flower,128,496,1,5.38508372,3.99144087,PA0436,Palearctic,Sarmatic Mixed Forests,31.84112072,56.67710812,70,75,27,6563.5,215,-43.5,245.5,130,15,158.5,-13,759,75,41,25,216,132,204,161.5,28.93817544,13.26544267,15.09817745,14.66178139,6.925326706,87.06867131,13.4898558,34.20092921,132.9561638,7.275128163,479.3062659,28.00329411,30.79711606,29.39458566,35.79082566,31.31296626,29.94003797,16.43164602,35.29424727,Currants,Grossulariaceae,L.,NA
Ribes_rubrum,550,666,Red_currant,Ribes rubrum,Ribes_rubrum_L.,Ribes,rubrum,Grossulariaceae,Saxifragales,woody,Ribes_rubrum_L.,90,1100,NA,90,1,1,0,fruit_flower,fruit_flower,90,491,1,5.006107022,4.264742904,PA0402,Palearctic,Atlantic Mixed Forests,3.29397908,49.58905893,85,77,31,6138,218,-26,235,125,31,163,8,771,76,43,19,218,137,208,168.5,28.95563557,13.42548244,14.31404319,14.291483,7.876038837,106.6609757,12.61232084,35.60776303,115.0844754,8.463013238,84861.92791,23.40991958,26.42109881,25.14645509,40.34186552,27.3519288,25.32923563,17.29970136,28.96928542,Currants,Grossulariaceae,L.,NA
Ribes_uva-crispa,549,668,Gooseberry,Ribes uva-crispa,Ribes_uva-crispa_L.,Ribes,uva-crispa,Grossulariaceae,Saxifragales,woody,"Ribes_uva-crispa_L.,Ribes_uva-crispa_L.,Ribes_uva-crispa_L.",90,470,NA,90,1,1,0,fruit_flower,fruit_flower,128,108,1,7.550756358,4.580390621,PA0445,Palearctic,Western European Broadleaf Forests,8.24354512,48.41049219,95,78,32,6102,239,-20,241,86.5,86,177.5,15,810,91.5,45.5,21,249,153.5,202,204,24.82751081,17.3702033,12.39054804,10.84491122,10.49243013,156.6000315,10.91789597,57.42271223,75.08591673,12.91571879,157.291826,20.6056525,26.86630615,41.87206488,68.95364766,25.25998234,39.29150932,38.64537904,35.24426836,Gooseberries,Grossulariaceae,L.,FAO lists the synonym Ribes grossularia L.
Setaria_italica,79,708,Millet_italian,Setaria italica,Setaria_italica_(L.)_P.Beauv.,Setaria,italica,Poaceae,Poales,graminoid,Setaria_viridis_(L.)_P.Beauv.,4,7500,5900,4,1,1,1,food&forage,forage,4,441,1,5.416155791,5.025749068,PA0445,Palearctic,Western European Broadleaf Forests,8.24354512,48.41049219,91,83,31,6548,230,-31,263,157,27,169,5,643,75,35,22,212,116,199,142,20.349,18.9255505,14.54347674,8.767785916,11.3959613,68.9938804,9.281161127,28.33093638,130.1414765,10.18087017,258.9903851,19.79309328,22.57257443,24.43736998,29.63889719,23.40579457,24.77819038,28.26425915,23.39456997,Millet,Poaceae,(L.) P. Beauv.Â ,NA
Spondias_mombin,603,740,Yellow_mombin,Spondias mombin,Spondias_mombin_L.,Spondias,mombin,Anacardiaceae,Sapindales,woody,Spondias_mombin_L.,90,NA,NA,NA,0,1,0,fruit_flower,fruit_flower,90,21,1,7.992655954,7.227655378,NT0212,Neotropic,Chiquitano Dry Forests,-60.5089879,-16.11770268,256,110,66,1766,329,168,162,258,229,266,229,1142,208,26,57,599,89,470,124,4.413037741,11.45944603,12.05628477,56.80616687,3.529808839,14.83481742,18.62727024,4.242706363,9.317288074,3.926727272,8.544322313,40.80225246,23.54617452,122.3521575,34.49301391,26.45863466,118.0067132,49.77093292,94.47810045,"Fruit, tropical fresh nes",Anacardiaceae,L.,"FAO lists this species as Spondias spp, but then lists ""mombin"" as the corresponding product."
Spondias_purpurea,603,742,Jocote,Spondias purpurea,Spondias_purpurea_L.,Spondias,purpurea,Anacardiaceae,Sapindales,woody,Spondias_purpurea_L.,4,3100,3100,77,1,1,0,fruit_flower,fruit_flower,4,337,1,7.378327386,4.043360153,NT0230,Neotropic,Southern Pacific Dry Forests,-97.46840141,16.63366459,246,132,69,1626,331,152,178,252,235,266,222,1107,232,4,99.5,613.5,20,379,36,12.01441574,17.366588,10.53054113,48.46346076,8.827803963,28.44984235,22.08011845,11.33083397,13.18146691,11.00417065,15.1380153,49.40347586,39.80481115,185.8657801,21.16362964,38.76583784,160.5189826,44.66771893,175.7138271,"Fruit, tropical fresh nes",Anacardiaceae,L.,"FAO lists this species simply under Spondias spp, but then lists ""mombin"" as the corresponding products."
Triticum_durum,15,796,Durum_wheat,Triticum durum,Triticum_durum_Desf.,Triticum,durum,Poaceae,Poales,graminoid,"Triticum_dicoccoides_(Körn._ex_Asch._&_Graebn.)_Schweinf.,Triticum_dicoccoides_(Körn._ex_Asch._&_Graebn.)_Schweinf.",13,11500,9000,128,1,1,0,seed,seed,128,420,1,0.433020854,0.539110996,PA1207,Palearctic,Eastern Mediterranean Conifer-Sclerophyllous-Broadleaf Forests,37.42596125,35.80179351,198,112.5,42.5,5789,333,78,259,128,264.5,266,128,472,120,0,107,308,0,1,306,9.185943429,9.895211936,6.433220273,6.491312123,6.367448561,24.42383522,6.676131837,15.90104071,6.87767597,6.943061148,15.94934893,26.268921,26.87573303,NA,3.159740749,26.22529675,643.3522736,101.935661,25.95759273,Wheat,Poaceae,Desf.,NA
Urena_lobata,782,806,Urena_congo_jute,Urena lobata,Urena_lobata_L.,Urena,lobata,Malvaceae,Malvales,herb,"Urena_lobata_L.,Urena_sinuata_L.",90,NA,NA,NA,0,1,0,shoot,shoot,90,606,1,97.91477465,18.63707909,"NA0508",Nearctic,Florida Peninsula,-81.62740903,28.16607979,231,105,61,2064,327,139,174,272,207,273,201,1315,275,36,61,717.5,139,533,184,10.27923769,18.25969612,21.13184145,58.36343211,6.559353876,34.25135921,25.73969877,7.689485774,17.67232436,7.242946924,20.80391161,42.41294678,39.66811539,84.97076338,36.67579235,38.55488546,79.93393997,43.42448031,123.7187266,"Bastfibres, other",Malvaceae,L.,NA
Vaccinium_corymbosum,552,808,Blueberry,Vaccinium corymbosum,Vaccinium_corymbosum_L.,Vaccinium,corymbosum,Ericaceae,Ericales,woody,Vaccinium_corymbosum_L.,134,1400,100,4,1,1,0,fruit_flower,fruit_flower,4,372,1,5.066596988,3.830947298,"NA0407",Nearctic,Lower New England / Northern Piedmont,-73.39895234,41.89652248,95,112,31,8722.5,280,-78,357,185,4,207,-19.5,1145,116,78,12,319.5,249,301,262,37.2028019,10.94141173,15.67326633,13.95411192,9.372783288,74.29545568,10.73933955,59.20815807,196.6539517,13.13067931,620.3759355,13.93596039,20.74904425,20.26926947,56.82721778,20.3285064,18.30576993,22.27012176,21.92553473,Blueberries,Ericaceae,L.,NA
Vaccinium_macrocarpon,554,809,Cranberry,Vaccinium macrocarpon,Vaccinium_macrocarpon_Aiton,Vaccinium,macrocarpon,Ericaceae,Ericales,woody,Vaccinium_macrocarpon_Aiton,14,2000,160,4,1,1,0,fruit_flower,fruit_flower,4,0,0,NA,NA,NA,NA,NA,NA,NA,NA,NA,NA,NA,NA,NA,NA,NA,NA,NA,NA,NA,NA,NA,NA,NA,NA,NA,NA,NA,NA,NA,NA,NA,NA,NA,NA,NA,NA,NA,NA,NA,NA,NA,NA,NA,NA,NA,Cranberries,Ericaceae,Aiton,NA
Vanilla_pompona,692,815,Pompon,Vanilla pompona,Vanilla_pompona_Schiede,Vanilla,pompona,Orchidaceae,Asparagales,herb,Vanilla_pompona_Schiede,90,NA,NA,NA,0,1,0,fruit_flower,fruit_flower,128,26,1,7.165764108,3.996659895,"NA1304",Nearctic,Chihuahuan Desert,-103.9362462,28.17515504,241.5,115,68,1880,319,153,177,253,226.5,259.5,214.5,1451,303.5,11,78,805.5,46,401,74.5,14.16529413,24.94367222,9.042306547,45.58136863,5.94501751,40.06901856,25.11803227,12.12304973,16.08235578,11.50214186,19.63974863,47.25967011,41.23731107,91.63957653,25.62678537,41.76731555,85.24531342,52.70759195,106.4347007,Vanilla,Orchidaceae,Schiede,NA
Vitellaria_paradoxa,263,842,Shea_butter,Vitellaria paradoxa,Vitellaria_paradoxa_C.F.Gaertn.,Vitellaria,paradoxa,Sapotaceae,Ericales,woody,Vitellaria_paradoxa_C.F.Gaertn.,4,600,600,4,1,1,1,food&forage,fruit_flower,128,498,1,0.856140112,1.172468373,AT0722,Afrotropic,West Sudanian Savanna,-0.93016892,11.85690563,271,129,66,1696,369,174,195,252,266,293,251,1095,251,0,97,684,6,123,684,2.968475122,5.588087901,6.96378986,18.13975896,3.237420066,7.723474362,11.34456262,3.801221784,2.487795736,4.227920589,3.099609665,11.57605854,12.48950386,131.9139006,14.14802379,12.69994126,97.56884027,29.05233915,56.62344441,Karite nuts (sheanuts),Sapotaceae,C.F. Gaertn.,FAO lists the synonym Butyrospermum parkii (G. Don) Kotschy
